<?xml version="1.0" encoding="UTF-8"?>
<config xmlns="http://www.dlr.de/gsoc/mo/malspp">

	<!--Supervisor-->
	<app apidQualifier="247" apid="100">
		<packetDataFieldSizeLimit>0</packetDataFieldSizeLimit>
		<varintSupported>false</varintSupported>
		<time>
			<format unit="second">00011111</format>
			<epoch scale="TAI">1958-01-01T00:00:00.000</epoch>
		</time>
		<fineTime>
			<format unit="second">1010111100001000</format>
			<epoch scale="TAI">2013-01-01T00:00:00.000</epoch>
		</fineTime>
		<duration>
			<format unit="second">00011100</format>
		</duration>
		<authenticationId>000000</authenticationId>
		<domain>esa.OPS-SAT.nanosat-mo-supervisor</domain>
		<networkZone>esa.OPS-SAT.space.SEPP</networkZone>
		<sessionName>LIVE</sessionName>
		<priority>4294967295</priority>
		<!--
		<authenticationId>0A0B0C</authenticationId>
		<priority>4294967295</priority>
		-->
	</app>

	<!--Ground CTT-->
	<app apidQualifier="247" apid="2">
		<packetDataFieldSizeLimit>0</packetDataFieldSizeLimit>
		<varintSupported>false</varintSupported>
		<time>
			<format unit="second">00011111</format>
			<epoch scale="TAI">1958-01-01T00:00:00.000</epoch>
		</time>
		<fineTime>
			<format unit="second">1010111100001000</format>
			<epoch scale="TAI">2013-01-01T00:00:00.000</epoch>
		</fineTime>
		<duration>
			<format unit="second">00011100</format>
		</duration>
		<authenticationId>000000</authenticationId>
		<domain>esa.OPS-SAT.CTT_OPS-SAT</domain>
		<networkZone>esa.OPS-SAT.ground.CTT</networkZone>
		<sessionName>LIVE</sessionName>
		<priority>4294967295</priority>
		<!--
		<authenticationId>0A0B0C</authenticationId>
		<priority>4294967295</priority>
		-->
	</app>
	
	<!--	Nanomind 	-->
	<app apidQualifier="247" apid="10">
		<packetDataFieldSizeLimit>0</packetDataFieldSizeLimit>
		<varintSupported>false</varintSupported>
		<time>
			<format unit="second">00101111</format>
			<epoch scale="TAI">2000-01-01T00:00:00.000</epoch>
		</time>
		<fineTime>
			<format unit="second">00101111</format>
			<epoch scale="TAI">2000-01-01T00:00:00.000</epoch>
		</fineTime>
		<duration>
			<format unit="second">00101111</format>
		</duration>
		<domain>esa.OPS-SAT.Nanomind</domain>
		<networkZone>esa.OPS-SAT.space.Nanomind</networkZone>
		<sessionName>LIVE</sessionName>
		<!--
		<authenticationId>0A0B0C</authenticationId>
		<priority>4294967295</priority>
		-->
	</app>

	<!--	Default value for any apps 	-->
	<app apidQualifier="247" apid="-1">
		<packetDataFieldSizeLimit>0</packetDataFieldSizeLimit>
		<varintSupported>false</varintSupported>
		<time>
			<format unit="second">00101111</format>
			<epoch scale="TAI">2000-01-01T00:00:00.000</epoch>
		</time>
		<fineTime>
			<format unit="second">00101111</format>
			<epoch scale="TAI">2000-01-01T00:00:00.000</epoch>
		</fineTime>
		<duration>
			<format unit="second">00011100</format>
		</duration>
		<authenticationId>000000</authenticationId>
		<sessionName>LIVE</sessionName>
		<networkZone>esa.OPS-SAT.space.SEPP</networkZone>
		<priority>4294967295</priority>
		<!--
		<domain>malspp.test.domain</domain>
		-->
	</app>
	
</config>
